ProvinceID,MunicipalityID,WardID
1,1117,29200001
1,1117,29200002
1,1117,29200003
1,1117,29200004
1,1117,29200005
1,1117,29200006
1,1117,29200007
1,1117,29200008
1,1117,29200009
1,1117,29200010
1,1117,29200011
1,1117,29200012
1,1117,29200013
1,1117,29200014
1,1117,29200015
1,1117,29200016
1,1117,29200017
1,1117,29200018
1,1117,29200019
1,1117,29200020
1,1117,29200021
1,1117,29200022
1,1117,29200023
1,1117,29200024
1,1117,29200025
1,1117,29200026
1,1117,29200027
1,1117,29200028
1,1117,29200029
1,1117,29200030
1,1117,29200031
1,1117,29200032
1,1117,29200033
1,1117,29200034
1,1117,29200035
1,1117,29200036
1,1117,29200037
1,1117,29200038
1,1117,29200039
1,1117,29200040
1,1117,29200041
1,1117,29200042
1,1117,29200043
1,1117,29200044
1,1117,29200045
1,1117,29200046
1,1117,29200047
1,1117,29200048
1,1117,29200049
1,1117,29200050
1,1117,29200001
1,1117,29200002
1,1117,29200003
1,1117,29200004
1,1117,29200005
1,1117,29200006
1,1117,29200007
1,1117,29200008
1,1117,29200009
1,1117,29200010
1,1117,29200011
1,1117,29200012
1,1117,29200013
1,1117,29200014
1,1117,29200015
1,1117,29200016
1,1117,29200017
1,1117,29200018
1,1117,29200019
1,1117,29200020
1,1117,29200021
1,1117,29200022
1,1117,29200023
1,1117,29200024
1,1117,29200025
1,1117,29200026
1,1117,29200027
1,1117,29200028
1,1117,29200029
1,1117,29200030
1,1117,29200031
1,1117,29200032
1,1117,29200033
1,1117,29200034
1,1117,29200035
1,1117,29200036
1,1117,29200037
1,1117,29200038
1,1117,29200039
1,1117,29200040
1,1117,29200041
1,1117,29200042
1,1117,29200043
1,1117,29200044
1,1117,29200045
1,1117,29200046
1,1117,29200047
1,1117,29200048
1,1117,29200049
1,1117,29200050
1,1117,29200001
1,1117,29200002
1,1117,29200003
1,1117,29200004
1,1117,29200005
1,1117,29200006
1,1117,29200007
1,1117,29200008
1,1117,29200009
1,1117,29200010
1,1117,29200011
1,1117,29200012
1,1117,29200013
1,1117,29200014
1,1117,29200015
1,1117,29200016
1,1117,29200017
1,1117,29200018
1,1117,29200019
1,1117,29200020
1,1117,29200021
1,1117,29200022
1,1117,29200023
1,1117,29200024
1,1117,29200025
1,1117,29200026
1,1117,29200027
1,1117,29200028
1,1117,29200029
1,1117,29200030
1,1117,29200031
1,1117,29200032
1,1117,29200033
1,1117,29200034
1,1117,29200035
1,1117,29200036
1,1117,29200037
1,1117,29200038
1,1117,29200039
1,1117,29200040
1,1117,29200041
1,1117,29200042
1,1117,29200043
1,1117,29200044
1,1117,29200045
1,1117,29200046
1,1117,29200047
1,1117,29200048
1,1117,29200049
1,1117,29200050
1,1102,21001001
1,1102,21001002
1,1102,21001003
1,1102,21001004
1,1102,21001005
1,1102,21001006
1,1102,21001007
1,1102,21001008
1,1102,21001009
1,1102,21001010
1,1102,21001011
1,1102,21001012
1,1102,21001013
1,1102,21001014
1,1103,21002001
1,1103,21002002
1,1103,21002003
1,1103,21002004
1,1103,21002005
1,1103,21002006
1,1105,21004001
1,1105,21004002
1,1105,21004003
1,1105,21004004
1,1105,21004005
1,1105,21004006
1,1105,21004007
1,1105,21004008
1,1105,21004009
1,1105,21004010
1,1105,21004011
1,1105,21004012
1,1105,21004013
1,1105,21004014
1,1106,21005001
1,1106,21005002
1,1106,21005003
1,1106,21005004
1,1106,21005005
1,1106,21005006
1,1106,21005007
1,1106,21005008
1,1106,21005009
1,1106,21005010
1,1107,21006001
1,1107,21006002
1,1107,21006003
1,1107,21006004
1,1107,21006005
1,1107,21006006
1,1107,21006007
1,1107,21006008
1,1109,21008001
1,1109,21008002
1,1109,21008003
1,1109,21008004
1,1109,21008005
1,1109,21008006
1,1109,21008007
1,1109,21008008
1,1109,21008009
1,1109,21008010
1,1109,21008011
1,1109,21008012
1,1109,21008013
1,1109,21008014
1,1109,21008015
1,1110,21009001
1,1110,21009002
1,1110,21009003
1,1110,21009004
1,1110,21009005
1,1110,21009006
1,1113,21201001
1,1113,21201002
1,1113,21201003
1,1113,21201004
1,1113,21201005
1,1113,21201006
1,1113,21201007
1,1113,21201008
1,1113,21201009
1,1113,21201010
1,1113,21201011
1,1113,21201012
1,1113,21201013
1,1113,21201014
1,1113,21201015
1,1113,21201016
1,1113,21201017
1,1113,21201018
1,1113,21201019
1,1113,21201020
1,1113,21201021
1,1113,21201022
1,1113,21201023
1,1113,21201024
1,1113,21201025
1,1113,21201026
1,1113,21201027
1,1113,21201028
1,1113,21201029
1,1113,21201030
1,1113,21201031
1,1113,21201032
1,1114,21202001
1,1114,21202002
1,1114,21202003
1,1114,21202004
1,1114,21202005
1,1114,21202006
1,1114,21202007
1,1114,21202008
1,1114,21202009
1,1114,21202010
1,1114,21202011
1,1114,21202012
1,1114,21202013
1,1114,21202014
1,1114,21202015
1,1114,21202016
1,1114,21202017
1,1114,21202018
1,1114,21202019
1,1114,21202020
1,1114,21202021
1,1114,21202022
1,1114,21202023
1,1114,21202024
1,1114,21202025
1,1114,21202026
1,1114,21202027
1,1114,21202028
1,1114,21202029
1,1114,21202030
1,1114,21202031
1,1115,21203001
1,1115,21203002
1,1115,21203003
1,1115,21203004
1,1115,21203005
1,1115,21203006
1,1115,21203007
1,1116,21204001
1,1116,21204002
1,1116,21204003
1,1116,21204004
1,1116,21204005
1,1116,21204006
1,1116,21204007
1,1116,21204008
1,1116,21204009
1,1116,21204010
1,1116,21204011
1,1116,21204012
1,1116,21204013
1,1116,21204014
1,1116,21204015
1,1118,21206001
1,1118,21206002
1,1118,21206003
1,1118,21206004
1,1118,21206005
1,1118,21206006
1,1118,21206007
1,1118,21206008
1,1118,21206009
1,1118,21206010
1,1118,21206011
1,1118,21206012
1,1147,21209001
1,1147,21209002
1,1147,21209003
1,1147,21209004
1,1147,21209005
1,1147,21209006
1,1147,21209007
1,1147,21209008
1,1147,21209009
1,1147,21209010
1,1147,21209011
1,1147,21209012
1,1147,21209013
1,1147,21209014
1,1147,21209015
1,1147,21209016
1,1147,21209017
1,1147,21209018
1,1147,21209019
1,1147,21209020
1,1147,21209021
1,1147,21209022
1,1147,21209023
1,1122,21301001
1,1122,21301002
1,1122,21301003
1,1122,21301004
1,1122,21301005
1,1122,21301006
1,1122,21301007
1,1122,21301008
1,1122,21301009
1,1126,21305001
1,1126,21305002
1,1126,21305003
1,1126,21305004
1,1126,21305005
1,1126,21305006
1,1126,21305007
1,1126,21305008
1,1126,21305009
1,1126,21305010
1,1126,21305011
1,1126,21305012
1,1126,21305013
1,1126,21305014
1,1126,21305015
1,1126,21305016
1,1126,21305017
1,1126,21305018
1,1126,21305019
1,1126,21305020
1,1126,21305021
1,1127,21306001
1,1127,21306002
1,1127,21306003
1,1127,21306004
1,1127,21306005
1,1127,21306006
1,1127,21306007
1,1127,21306008
1,1127,21306009
1,1127,21306010
1,1127,21306011
1,1127,21306012
1,1127,21306013
1,1127,21306014
1,1127,21306015
1,1127,21306016
1,1127,21306017
1,1128,21307001
1,1128,21307002
1,1128,21307003
1,1128,21307004
1,1128,21307005
1,1128,21307006
1,1128,21307007
1,1128,21307008
1,1128,21307009
1,1128,21307010
1,1128,21307011
1,1128,21307012
1,1128,21307013
1,1128,21307014
1,1128,21307015
1,1128,21307016
1,1128,21307017
1,1128,21307018
1,1128,21307019
1,1128,21307020
1,1129,21308001
1,1129,21308002
1,1129,21308003
1,1129,21308004
1,1129,21308005
1,1129,21308006
1,1129,21308007
1,1129,21308008
1,1129,21308009
1,1149,21309001
1,1149,21309002
1,1149,21309003
1,1149,21309004
1,1149,21309005
1,1149,21309006
1,1149,21309007
1,1149,21309008
1,1149,21309009
1,1149,21309010
1,1149,21309011
1,1149,21309012
1,1149,21309013
1,1149,21309014
1,1149,21309015
1,1149,21309016
1,1149,21309017
1,1149,21309018
1,1149,21309019
1,1149,21309020
1,1149,21309021
1,1149,21309022
1,1149,21309023
1,1149,21309024
1,1149,21309025
1,1149,21309026
1,1149,21309027
1,1149,21309028
1,1149,21309029
1,1149,21309030
1,1149,21309031
1,1149,21309032
1,1149,21309033
1,1149,21309034
1,1131,21401001
1,1131,21401002
1,1131,21401003
1,1131,21401004
1,1131,21401005
1,1131,21401006
1,1131,21401007
1,1131,21401008
1,1131,21401009
1,1131,21401010
1,1131,21401011
1,1131,21401012
1,1131,21401013
1,1131,21401014
1,1131,21401015
1,1131,21401016
1,1131,21401017
1,1132,21402001
1,1132,21402002
1,1132,21402003
1,1132,21402004
1,1132,21402005
1,1132,21402006
1,1132,21402007
1,1132,21402008
1,1132,21402009
1,1132,21402010
1,1132,21402011
1,1132,21402012
1,1132,21402013
1,1132,21402014
1,1132,21402015
1,1132,21402016
1,1132,21402017
1,1148,21405001
1,1148,21405002
1,1148,21405003
1,1148,21405004
1,1148,21405005
1,1148,21405006
1,1148,21405007
1,1148,21405008
1,1148,21405009
1,1148,21405010
1,1148,21405011
1,1138,21503001
1,1138,21503002
1,1138,21503003
1,1138,21503004
1,1138,21503005
1,1138,21503006
1,1138,21503007
1,1138,21503008
1,1138,21503009
1,1138,21503010
1,1138,21503011
1,1138,21503012
1,1138,21503013
1,1138,21503014
1,1138,21503015
1,1138,21503016
1,1138,21503017
1,1138,21503018
1,1138,21503019
1,1138,21503020
1,1138,21503021
1,1138,21503022
1,1138,21503023
1,1138,21503024
1,1138,21503025
1,1138,21503026
1,1138,21503027
1,1138,21503028
1,1138,21503029
1,1138,21503030
1,1138,21503031
1,1138,21503032
1,1139,21504001
1,1139,21504002
1,1139,21504003
1,1139,21504004
1,1139,21504005
1,1139,21504006
1,1139,21504007
1,1139,21504008
1,1139,21504009
1,1139,21504010
1,1139,21504011
1,1139,21504012
1,1139,21504013
1,1139,21504014
1,1139,21504015
1,1139,21504016
1,1139,21504017
1,1139,21504018
1,1139,21504019
1,1139,21504020
1,1140,21505001
1,1140,21505002
1,1140,21505003
1,1140,21505004
1,1140,21505005
1,1140,21505006
1,1140,21505007
1,1140,21505008
1,1140,21505009
1,1140,21505010
1,1140,21505011
1,1140,21505012
1,1140,21505013
1,1140,21505014
1,1140,21505015
1,1140,21505016
1,1140,21505017
1,1140,21505018
1,1140,21505019
1,1140,21505020
1,1140,21505021
1,1140,21505022
1,1140,21505023
1,1140,21505024
1,1140,21505025
1,1140,21505026
1,1140,21505027
1,1140,21505028
1,1140,21505029
1,1140,21505030
1,1140,21505031
1,1140,21505032
1,1141,21506001
1,1141,21506002
1,1141,21506003
1,1141,21506004
1,1141,21506005
1,1141,21506006
1,1141,21506007
1,1141,21506008
1,1141,21506009
1,1141,21506010
1,1141,21506011
1,1141,21506012
1,1141,21506013
1,1141,21506014
1,1141,21506015
1,1141,21506016
1,1141,21506017
1,1141,21506018
1,1141,21506019
1,1141,21506020
1,1141,21506021
1,1141,21506022
1,1141,21506023
1,1141,21506024
1,1141,21506025
1,1141,21506026
1,1142,21507001
1,1142,21507002
1,1142,21507003
1,1142,21507004
1,1142,21507005
1,1142,21507006
1,1142,21507007
1,1142,21507008
1,1142,21507009
1,1142,21507010
1,1142,21507011
1,1142,21507012
1,1142,21507013
1,1142,21507014
1,1142,21507015
1,1142,21507016
1,1142,21507017
1,1142,21507018
1,1142,21507019
1,1142,21507020
1,1142,21507021
1,1142,21507022
1,1142,21507023
1,1142,21507024
1,1142,21507025
1,1142,21507026
1,1142,21507027
1,1142,21507028
1,1142,21507029
1,1142,21507030
1,1142,21507031
1,1142,21507032
1,1142,21507033
1,1142,21507034
1,1142,21507035
1,1142,21507036
1,4034,24401001
1,4034,24401002
1,4034,24401003
1,4034,24401004
1,4034,24401005
1,4034,24401006
1,4034,24401007
1,4034,24401008
1,4034,24401009
1,4034,24401010
1,4034,24401011
1,4034,24401012
1,4034,24401013
1,4034,24401014
1,4034,24401015
1,4034,24401016
1,4034,24401017
1,4034,24401018
1,4034,24401019
1,4034,24401020
1,4034,24401021
1,4034,24401022
1,4034,24401023
1,4034,24401024
1,4034,24401025
1,4034,24401026
1,1031,24402001
1,1031,24402002
1,1031,24402003
1,1031,24402004
1,1031,24402005
1,1031,24402006
1,1031,24402007
1,1031,24402008
1,1031,24402009
1,1031,24402010
1,1031,24402011
1,1031,24402012
1,1031,24402013
1,1031,24402014
1,1031,24402015
1,1031,24402016
1,1031,24402017
1,1031,24402018
1,1031,24402019
1,1031,24402020
1,1031,24402021
1,1031,24402022
1,1031,24402023
1,1031,24402024
1,1031,24402025
1,1031,24402026
1,1031,24402027
1,1136,24403001
1,1136,24403002
1,1136,24403003
1,1136,24403004
1,1136,24403005
1,1136,24403006
1,1136,24403007
1,1136,24403008
1,1136,24403009
1,1136,24403010
1,1136,24403011
1,1136,24403012
1,1136,24403013
1,1136,24403014
1,1136,24403015
1,1136,24403016
1,1136,24403017
1,1136,24403018
1,1136,24403019
1,1136,24403020
1,1136,24403021
1,1136,24403022
1,1136,24403023
1,1136,24403024
1,1136,24403025
1,1136,24403026
1,1136,24403027
1,1136,24403028
1,1136,24403029
1,1136,24403030
1,1136,24403031
1,1137,24404001
1,1137,24404002
1,1137,24404003
1,1137,24404004
1,1137,24404005
1,1137,24404006
1,1137,24404007
1,1137,24404008
1,1137,24404009
1,1137,24404010
1,1137,24404011
1,1137,24404012
1,1137,24404013
1,1137,24404014
1,1137,24404015
1,1137,24404016
1,1137,24404017
1,1001,29300001
1,1001,29300002
1,1001,29300003
1,1001,29300004
1,1001,29300005
1,1001,29300006
1,1001,29300007
1,1001,29300008
1,1001,29300009
1,1001,29300010
1,1001,29300011
1,1001,29300012
1,1001,29300013
1,1001,29300014
1,1001,29300015
1,1001,29300016
1,1001,29300017
1,1001,29300018
1,1001,29300019
1,1001,29300020
1,1001,29300021
1,1001,29300022
1,1001,29300023
1,1001,29300024
1,1001,29300025
1,1001,29300026
1,1001,29300027
1,1001,29300028
1,1001,29300029
1,1001,29300030
1,1001,29300031
1,1001,29300032
1,1001,29300033
1,1001,29300034
1,1001,29300035
1,1001,29300036
1,1001,29300037
1,1001,29300038
1,1001,29300039
1,1001,29300040
1,1001,29300041
1,1001,29300042
1,1001,29300043
1,1001,29300044
1,1001,29300045
1,1001,29300046
1,1001,29300047
1,1001,29300048
1,1001,29300049
1,1001,29300050
1,1001,29300051
1,1001,29300052
1,1001,29300053
1,1001,29300054
1,1001,29300055
1,1001,29300056
1,1001,29300057
1,1001,29300058
1,1001,29300059
1,1001,29300060
2,2202,41601001
2,2202,41601002
2,2202,41601003
2,2202,41601004
2,2202,41601005
2,2202,41601006
2,2203,41602001
2,2203,41602002
2,2203,41602003
2,2203,41602004
2,2203,41602005
2,2203,41602006
2,2203,41602007
2,2203,41602008
2,2204,41603001
2,2204,41603002
2,2204,41603003
2,2204,41603004
2,2204,41603005
2,2204,41603006
2,2210,41801001
2,2210,41801002
2,2210,41801003
2,2210,41801004
2,2210,41801005
2,2210,41801006
2,2210,41801007
2,2210,41801008
2,2210,41801009
2,2210,41801010
2,2211,41802001
2,2211,41802002
2,2211,41802003
2,2211,41802004
2,2212,41803001
2,2212,41803002
2,2212,41803003
2,2212,41803004
2,2212,41803005
2,2212,41803006
2,2212,41803007
2,2212,41803008
2,2213,41804001
2,2213,41804002
2,2213,41804003
2,2213,41804004
2,2213,41804005
2,2213,41804006
2,2213,41804007
2,2213,41804008
2,2213,41804009
2,2213,41804010
2,2213,41804011
2,2213,41804012
2,2213,41804013
2,2213,41804014
2,2213,41804015
2,2213,41804016
2,2213,41804017
2,2213,41804018
2,2213,41804019
2,2213,41804020
2,2213,41804021
2,2213,41804022
2,2213,41804023
2,2213,41804024
2,2213,41804025
2,2213,41804026
2,2213,41804027
2,2213,41804028
2,2213,41804029
2,2213,41804030
2,2213,41804031
2,2213,41804032
2,2213,41804033
2,2213,41804034
2,2213,41804035
2,2213,41804036
2,2214,41805001
2,2214,41805002
2,2214,41805003
2,2214,41805004
2,2214,41805005
2,2214,41805006
2,2214,41805007
2,2214,41805008
2,2214,41805009
2,2214,41805010
2,2214,41805011
2,2214,41805012
2,2216,41901001
2,2216,41901002
2,2216,41901003
2,2216,41901004
2,2216,41901005
2,2216,41901006
2,2216,41901007
2,2216,41901008
2,2216,41901009
2,2216,41901010
2,2216,41901011
2,2216,41901012
2,2216,41901013
2,2216,41901014
2,2216,41901015
2,2216,41901016
2,2216,41901017
2,2217,41902001
2,2217,41902002
2,2217,41902003
2,2217,41902004
2,2217,41902005
2,2217,41902006
2,2217,41902007
2,2217,41902008
2,2217,41902009
2,2217,41902010
2,2217,41902011
2,2217,41902012
2,2217,41902013
2,2217,41902014
2,2217,41902015
2,2217,41902016
2,2217,41902017
2,2217,41902018
2,2217,41902019
2,2217,41902020
2,2218,41903001
2,2218,41903002
2,2218,41903003
2,2218,41903004
2,2218,41903005
2,2218,41903006
2,2218,41903007
2,2218,41903008
2,2218,41903009
2,2219,41904001
2,2219,41904002
2,2219,41904003
2,2219,41904004
2,2219,41904005
2,2219,41904006
2,2219,41904007
2,2219,41904008
2,2219,41904009
2,2219,41904010
2,2219,41904011
2,2219,41904012
2,2219,41904013
2,2219,41904014
2,2219,41904015
2,2219,41904016
2,2219,41904017
2,2219,41904018
2,2219,41904019
2,2219,41904020
2,2219,41904021
2,2219,41904022
2,2219,41904023
2,2219,41904024
2,2219,41904025
2,2219,41904026
2,2219,41904027
2,2219,41904028
2,2219,41904029
2,2219,41904030
2,2219,41904031
2,2219,41904032
2,2219,41904033
2,2219,41904034
2,2219,41904035
2,2220,41905001
2,2220,41905002
2,2220,41905003
2,2220,41905004
2,2220,41905005
2,2220,41905006
2,2220,41905007
2,2220,41905008
2,2208,41906001
2,2208,41906002
2,2208,41906003
2,2208,41906004
2,2208,41906005
2,2208,41906006
2,2208,41906007
2,2208,41906008
2,2208,41906009
2,2222,42001001
2,2222,42001002
2,2222,42001003
2,2222,42001004
2,2222,42001005
2,2222,42001006
2,2222,42001007
2,2222,42001008
2,2222,42001009
2,2222,42001010
2,2222,42001011
2,2222,42001012
2,2222,42001013
2,2222,42001014
2,2222,42001015
2,2222,42001016
2,2222,42001017
2,2222,42001018
2,2222,42001019
2,2222,42001020
2,2222,42001021
2,2222,42001022
2,2222,42001023
2,2223,42003001
2,2223,42003002
2,2223,42003003
2,2223,42003004
2,2223,42003005
2,2223,42003006
2,2223,42003007
2,2223,42003008
2,2223,42003009
2,2223,42003010
2,2223,42003011
2,2223,42003012
2,2223,42003013
2,2223,42003014
2,2223,42003015
2,2223,42003016
2,2223,42003017
2,2223,42003018
2,2224,42004001
2,2224,42004002
2,2224,42004003
2,2224,42004004
2,2224,42004005
2,2224,42004006
2,2224,42004007
2,2224,42004008
2,2224,42004009
2,2224,42004010
2,2224,42004011
2,2224,42004012
2,2224,42004013
2,2224,42004014
2,2224,42004015
2,2224,42004016
2,2224,42004017
2,2224,42004018
2,2224,42004019
2,2224,42004020
2,2224,42004021
2,2225,42005001
2,2225,42005002
2,2225,42005003
2,2225,42005004
2,2225,42005005
2,2225,42005006
2,2225,42005007
2,2225,42005008
2,2225,42005009
2,2207,49400001
2,2207,49400002
2,2207,49400003
2,2207,49400004
2,2207,49400005
2,2207,49400006
2,2207,49400007
2,2207,49400008
2,2207,49400009
2,2207,49400010
2,2207,49400011
2,2207,49400012
2,2207,49400013
2,2207,49400014
2,2207,49400015
2,2207,49400016
2,2207,49400017
2,2207,49400018
2,2207,49400019
2,2207,49400020
2,2207,49400021
2,2207,49400022
2,2207,49400023
2,2207,49400024
2,2207,49400025
2,2207,49400026
2,2207,49400027
2,2207,49400028
2,2207,49400029
2,2207,49400030
2,2207,49400031
2,2207,49400032
2,2207,49400033
2,2207,49400034
2,2207,49400035
2,2207,49400036
2,2207,49400037
2,2207,49400038
2,2207,49400039
2,2207,49400040
2,2207,49400041
2,2207,49400042
2,2207,49400043
2,2207,49400044
2,2207,49400045
2,2207,49400046
2,2207,49400047
2,2207,49400048
2,2207,49400049
2,2207,49400050
3,3002,79700001
3,3002,79700002
3,3002,79700003
3,3002,79700004
3,3002,79700005
3,3002,79700006
3,3002,79700007
3,3002,79700008
3,3002,79700009
3,3002,79700010
3,3002,79700011
3,3002,79700012
3,3002,79700013
3,3002,79700014
3,3002,79700015
3,3002,79700016
3,3002,79700017
3,3002,79700018
3,3002,79700019
3,3002,79700020
3,3002,79700021
3,3002,79700022
3,3002,79700023
3,3002,79700024
3,3002,79700025
3,3002,79700026
3,3002,79700027
3,3002,79700028
3,3002,79700029
3,3002,79700030
3,3002,79700031
3,3002,79700032
3,3002,79700033
3,3002,79700034
3,3002,79700035
3,3002,79700036
3,3002,79700037
3,3002,79700038
3,3002,79700039
3,3002,79700040
3,3002,79700041
3,3002,79700042
3,3002,79700043
3,3002,79700044
3,3002,79700045
3,3002,79700046
3,3002,79700047
3,3002,79700048
3,3002,79700049
3,3002,79700050
3,3002,79700051
3,3002,79700052
3,3002,79700053
3,3002,79700054
3,3002,79700055
3,3002,79700056
3,3002,79700057
3,3002,79700058
3,3002,79700059
3,3002,79700060
3,3002,79700061
3,3002,79700062
3,3002,79700063
3,3002,79700064
3,3002,79700065
3,3002,79700066
3,3002,79700067
3,3002,79700068
3,3002,79700069
3,3002,79700070
3,3002,79700071
3,3002,79700072
3,3002,79700073
3,3002,79700074
3,3002,79700075
3,3002,79700076
3,3002,79700077
3,3002,79700078
3,3002,79700079
3,3002,79700080
3,3002,79700081
3,3002,79700082
3,3002,79700083
3,3002,79700084
3,3002,79700085
3,3002,79700086
3,3002,79700087
3,3002,79700088
3,3002,79700089
3,3002,79700090
3,3002,79700091
3,3002,79700092
3,3002,79700093
3,3002,79700094
3,3002,79700095
3,3002,79700096
3,3002,79700097
3,3002,79700098
3,3002,79700099
3,3002,79700100
3,3002,79700101
3,3002,79700102
3,3002,79700103
3,3002,79700104
3,3002,79700105
3,3002,79700106
3,3002,79700107
3,3002,79700108
3,3002,79700109
3,3002,79700110
3,3002,79700111
3,3002,79700112
3,3302,74201001
3,3302,74201002
3,3302,74201003
3,3302,74201004
3,3302,74201005
3,3302,74201006
3,3302,74201007
3,3302,74201008
3,3302,74201009
3,3302,74201010
3,3302,74201011
3,3302,74201012
3,3302,74201013
3,3302,74201014
3,3302,74201015
3,3302,74201016
3,3302,74201017
3,3302,74201018
3,3302,74201019
3,3302,74201020
3,3302,74201021
3,3302,74201022
3,3302,74201023
3,3302,74201024
3,3302,74201025
3,3302,74201026
3,3302,74201027
3,3302,74201028
3,3302,74201029
3,3302,74201030
3,3302,74201031
3,3302,74201032
3,3302,74201033
3,3302,74201034
3,3302,74201035
3,3302,74201036
3,3302,74201037
3,3302,74201038
3,3302,74201039
3,3302,74201040
3,3302,74201041
3,3302,74201042
3,3302,74201043
3,3302,74201044
3,3302,74201045
3,3303,74202001
3,3303,74202002
3,3303,74202003
3,3303,74202004
3,3303,74202005
3,3303,74202006
3,3303,74202007
3,3303,74202008
3,3303,74202009
3,3303,74202010
3,3303,74202011
3,3303,74202012
3,3303,74202013
3,3303,74202014
3,3303,74202015
3,3304,74203001
3,3304,74203002
3,3304,74203003
3,3304,74203004
3,3304,74203005
3,3304,74203006
3,3304,74203007
3,3304,74203008
3,3304,74203009
3,3304,74203010
3,3304,74203011
3,3304,74203012
3,3304,74203013
3,3040,74801001
3,3040,74801002
3,3040,74801003
3,3040,74801004
3,3040,74801005
3,3040,74801006
3,3040,74801007
3,3040,74801008
3,3040,74801009
3,3040,74801010
3,3040,74801011
3,3040,74801012
3,3040,74801013
3,3040,74801014
3,3040,74801015
3,3040,74801016
3,3040,74801017
3,3040,74801018
3,3040,74801019
3,3040,74801020
3,3040,74801021
3,3040,74801022
3,3040,74801023
3,3040,74801024
3,3040,74801025
3,3040,74801026
3,3040,74801027
3,3040,74801028
3,3040,74801029
3,3040,74801030
3,3040,74801031
3,3040,74801032
3,3040,74801033
3,3040,74801034
3,3040,74801035
3,3040,74801036
3,3040,74801037
3,3040,74801038
3,3040,74801039
3,3039,74804001
3,3039,74804002
3,3039,74804003
3,3039,74804004
3,3039,74804005
3,3039,74804006
3,3039,74804007
3,3039,74804008
3,3039,74804009
3,3039,74804010
3,3039,74804011
3,3039,74804012
3,3039,74804013
3,3039,74804014
3,3039,74804015
3,3039,74804016
3,3039,74804017
3,3039,74804018
3,3039,74804019
3,3039,74804020
3,3039,74804021
3,3039,74804022
3,3039,74804023
3,3039,74804024
3,3039,74804025
3,3039,74804026
3,3039,74804027
3,3039,74804028
3,3332,74205001
3,3332,74205002
3,3332,74205003
3,3332,74205004
3,3332,74205005
3,3332,74205006
3,3332,74205007
3,3332,74205008
3,3332,74205009
3,3332,74205010
3,3332,74205011
3,3332,74205012
3,3332,74205013
3,3332,74205014
3,3332,74205015
3,3332,74205016
3,3332,74205017
3,3332,74205018
3,3332,74205019
3,3332,74205020
3,3332,74205021
3,3332,74205022
3,3332,74205023
3,3332,74205024
3,3332,74205025
3,3332,74205026
3,3332,74205027
3,3332,74205028
3,3332,74205029
3,3332,74205030
3,3332,74205031
3,3332,74205032
3,3332,74205033
3,3332,74205034
3,3332,74205035
3,3003,79800001
3,3003,79800002
3,3003,79800003
3,3003,79800004
3,3003,79800005
3,3003,79800006
3,3003,79800007
3,3003,79800008
3,3003,79800009
3,3003,79800010
3,3003,79800011
3,3003,79800012
3,3003,79800013
3,3003,79800014
3,3003,79800015
3,3003,79800016
3,3003,79800017
3,3003,79800018
3,3003,79800019
3,3003,79800020
3,3003,79800021
3,3003,79800022
3,3003,79800023
3,3003,79800024
3,3003,79800025
3,3003,79800026
3,3003,79800027
3,3003,79800028
3,3003,79800029
3,3003,79800030
3,3003,79800031
3,3003,79800032
3,3003,79800033
3,3003,79800034
3,3003,79800035
3,3003,79800036
3,3003,79800037
3,3003,79800038
3,3003,79800039
3,3003,79800040
3,3003,79800041
3,3003,79800042
3,3003,79800043
3,3003,79800044
3,3003,79800045
3,3003,79800046
3,3003,79800047
3,3003,79800048
3,3003,79800049
3,3003,79800050
3,3003,79800051
3,3003,79800052
3,3003,79800053
3,3003,79800054
3,3003,79800055
3,3003,79800056
3,3003,79800057
3,3003,79800058
3,3003,79800059
3,3003,79800060
3,3003,79800061
3,3003,79800062
3,3003,79800063
3,3003,79800064
3,3003,79800065
3,3003,79800066
3,3003,79800067
3,3003,79800068
3,3003,79800069
3,3003,79800070
3,3003,79800071
3,3003,79800072
3,3003,79800073
3,3003,79800074
3,3003,79800075
3,3003,79800076
3,3003,79800077
3,3003,79800078
3,3003,79800079
3,3003,79800080
3,3003,79800081
3,3003,79800082
3,3003,79800083
3,3003,79800084
3,3003,79800085
3,3003,79800086
3,3003,79800087
3,3003,79800088
3,3003,79800089
3,3003,79800090
3,3003,79800091
3,3003,79800092
3,3003,79800093
3,3003,79800094
3,3003,79800095
3,3003,79800096
3,3003,79800097
3,3003,79800098
3,3003,79800099
3,3003,79800100
3,3003,79800101
3,3003,79800102
3,3003,79800103
3,3003,79800104
3,3003,79800105
3,3003,79800106
3,3003,79800107
3,3003,79800108
3,3003,79800109
3,3003,79800110
3,3003,79800111
3,3003,79800112
3,3003,79800113
3,3003,79800114
3,3003,79800115
3,3003,79800116
3,3003,79800117
3,3003,79800118
3,3003,79800119
3,3003,79800120
3,3003,79800121
3,3003,79800122
3,3003,79800123
3,3003,79800124
3,3003,79800125
3,3003,79800126
3,3003,79800127
3,3003,79800128
3,3003,79800129
3,3003,79800130
3,3003,79800131
3,3003,79800132
3,3003,79800133
3,3003,79800134
3,3003,79800135
3,3004,79900001
3,3004,79900002
3,3004,79900003
3,3004,79900004
3,3004,79900005
3,3004,79900006
3,3004,79900007
3,3004,79900008
3,3004,79900009
3,3004,79900010
3,3004,79900011
3,3004,79900012
3,3004,79900013
3,3004,79900014
3,3004,79900015
3,3004,79900016
3,3004,79900017
3,3004,79900018
3,3004,79900019
3,3004,79900020
3,3004,79900021
3,3004,79900022
3,3004,79900023
3,3004,79900024
3,3004,79900025
3,3004,79900026
3,3004,79900027
3,3004,79900028
3,3004,79900029
3,3004,79900030
3,3004,79900031
3,3004,79900032
3,3004,79900033
3,3004,79900034
3,3004,79900035
3,3004,79900036
3,3004,79900037
3,3004,79900038
3,3004,79900039
3,3004,79900040
3,3004,79900041
3,3004,79900042
3,3004,79900043
3,3004,79900044
3,3004,79900045
3,3004,79900046
3,3004,79900047
3,3004,79900048
3,3004,79900049
3,3004,79900050
3,3004,79900051
3,3004,79900052
3,3004,79900053
3,3004,79900054
3,3004,79900055
3,3004,79900056
3,3004,79900057
3,3004,79900058
3,3004,79900059
3,3004,79900060
3,3004,79900061
3,3004,79900062
3,3004,79900063
3,3004,79900064
3,3004,79900065
3,3004,79900066
3,3004,79900067
3,3004,79900068
3,3004,79900069
3,3004,79900070
3,3004,79900071
3,3004,79900072
3,3004,79900073
3,3004,79900074
3,3004,79900075
3,3004,79900076
3,3004,79900077
3,3004,79900078
3,3004,79900079
3,3004,79900080
3,3004,79900081
3,3004,79900082
3,3004,79900083
3,3004,79900084
3,3004,79900085
3,3004,79900086
3,3004,79900087
3,3004,79900088
3,3004,79900089
3,3004,79900090
3,3004,79900091
3,3004,79900092
3,3004,79900093
3,3004,79900094
3,3004,79900095
3,3004,79900096
3,3004,79900097
3,3004,79900098
3,3004,79900099
3,3004,79900100
3,3004,79900101
3,3004,79900102
3,3004,79900103
3,3004,79900104
3,3004,79900105
3,3004,79900106
3,3004,79900107
4,4005,59500001
4,4005,59500002
4,4005,59500003
4,4005,59500004
4,4005,59500005
4,4005,59500006
4,4005,59500007
4,4005,59500008
4,4005,59500009
4,4005,59500010
4,4005,59500011
4,4005,59500012
4,4005,59500013
4,4005,59500014
4,4005,59500015
4,4005,59500016
4,4005,59500017
4,4005,59500018
4,4005,59500019
4,4005,59500020
4,4005,59500021
4,4005,59500022
4,4005,59500023
4,4005,59500024
4,4005,59500025
4,4005,59500026
4,4005,59500027
4,4005,59500028
4,4005,59500029
4,4005,59500030
4,4005,59500031
4,4005,59500032
4,4005,59500033
4,4005,59500034
4,4005,59500035
4,4005,59500036
4,4005,59500037
4,4005,59500038
4,4005,59500039
4,4005,59500040
4,4005,59500041
4,4005,59500042
4,4005,59500043
4,4005,59500044
4,4005,59500045
4,4005,59500046
4,4005,59500047
4,4005,59500048
4,4005,59500049
4,4005,59500050
4,4005,59500051
4,4005,59500052
4,4005,59500053
4,4005,59500054
4,4005,59500055
4,4005,59500056
4,4005,59500057
4,4005,59500058
4,4005,59500059
4,4005,59500060
4,4005,59500061
4,4005,59500062
4,4005,59500063
4,4005,59500064
4,4005,59500065
4,4005,59500066
4,4005,59500067
4,4005,59500068
4,4005,59500069
4,4005,59500070
4,4005,59500071
4,4005,59500072
4,4005,59500073
4,4005,59500074
4,4005,59500075
4,4005,59500076
4,4005,59500077
4,4005,59500078
4,4005,59500079
4,4005,59500080
4,4005,59500081
4,4005,59500082
4,4005,59500083
4,4005,59500084
4,4005,59500085
4,4005,59500086
4,4005,59500087
4,4005,59500088
4,4005,59500089
4,4005,59500090
4,4005,59500091
4,4005,59500092
4,4005,59500093
4,4005,59500094
4,4005,59500095
4,4005,59500096
4,4005,59500097
4,4005,59500098
4,4005,59500099
4,4005,59500100
4,4005,59500101
4,4005,59500102
4,4005,59500103
4,4005,59500104
4,4005,59500105
4,4005,59500106
4,4005,59500107
4,4005,59500108
4,4005,59500109
4,4005,59500110
4,4403,52102001
4,4403,52102002
4,4403,52102003
4,4403,52102004
4,4403,52102005
4,4403,52102006
4,4403,52102007
4,4403,52102008
4,4403,52102009
4,4403,52102010
4,4403,52102011
4,4403,52102012
4,4403,52102013
4,4403,52102014
4,4403,52102015
4,4403,52102016
4,4403,52102017
4,4403,52102018
4,4403,52102019
4,4404,52103001
4,4404,52103002
4,4404,52103003
4,4404,52103004
4,4404,52103005
4,4404,52103006
4,4404,52103007
4,4404,52103008
4,4404,52103009
4,4404,52103010
4,4404,52103011
4,4404,52103012
4,4404,52103013
4,4404,52103014
4,4404,52103015
4,4404,52103016
4,4404,52103017
4,4404,52103018
4,4404,52103019
4,4404,52103020
4,4405,52104001
4,4405,52104002
4,4405,52104003
4,4405,52104004
4,4405,52104005
4,4405,52104006
4,4405,52104007
4,4405,52104008
4,4405,52104009
4,4405,52104010
4,4407,52106001
4,4407,52106002
4,4407,52106003
4,4407,52106004
4,4407,52106005
4,4407,52106006
4,4407,52106007
4,4407,52106008
4,4407,52106009
4,4407,52106010
4,4407,52106011
4,4407,52106012
4,4407,52106013
4,4407,52106014
4,4407,52106015
4,4407,52106016
4,4407,52106017
4,4407,52106018
4,4407,52106019
4,4407,52106020
4,4407,52106021
4,4407,52106022
4,4407,52106023
4,4407,52106024
4,4407,52106025
4,4407,52106026
4,4407,52106027
4,4407,52106028
4,4407,52106029
4,4407,52106030
4,4407,52106031
4,4407,52106032
4,4407,52106033
4,4407,52106034
4,4407,52106035
4,4407,52106036
4,4409,52201001
4,4409,52201002
4,4409,52201003
4,4409,52201004
4,4409,52201005
4,4409,52201006
4,4409,52201007
4,4409,52201008
4,4409,52201009
4,4409,52201010
4,4409,52201011
4,4409,52201012
4,4409,52201013
4,4409,52201014
4,4410,52202001
4,4410,52202002
4,4410,52202003
4,4410,52202004
4,4410,52202005
4,4410,52202006
4,4410,52202007
4,4410,52202008
4,4410,52202009
4,4410,52202010
4,4410,52202011
4,4410,52202012
4,4411,52203001
4,4411,52203002
4,4411,52203003
4,4411,52203004
4,4411,52203005
4,4412,52204001
4,4412,52204002
4,4412,52204003
4,4412,52204004
4,4413,52205001
4,4413,52205002
4,4413,52205003
4,4413,52205004
4,4413,52205005
4,4413,52205006
4,4413,52205007
4,4413,52205008
4,4413,52205009
4,4413,52205010
4,4413,52205011
4,4413,52205012
4,4413,52205013
4,4413,52205014
4,4413,52205015
4,4413,52205016
4,4413,52205017
4,4413,52205018
4,4413,52205019
4,4413,52205020
4,4413,52205021
4,4413,52205022
4,4413,52205023
4,4413,52205024
4,4413,52205025
4,4413,52205026
4,4413,52205027
4,4413,52205028
4,4413,52205029
4,4413,52205030
4,4413,52205031
4,4413,52205032
4,4413,52205033
4,4413,52205034
4,4413,52205035
4,4413,52205036
4,4413,52205037
4,4413,52205038
4,4413,52205039
4,4414,52206001
4,4414,52206002
4,4414,52206003
4,4414,52206004
4,4414,52206005
4,4414,52206006
4,4414,52206007
4,4415,52207001
4,4415,52207002
4,4415,52207003
4,4415,52207004
4,4415,52207005
4,4415,52207006
4,4415,52207007
4,4421,52305001
4,4421,52305002
4,4421,52305003
4,4421,52305004
4,4421,52305005
4,4421,52305006
4,4421,52305007
4,4421,52305008
4,4421,52305009
4,4421,52305010
4,4421,52305011
4,4421,52305012
4,4421,52305013
4,4421,52305014
4,4421,52305015
4,4461,52307001
4,4461,52307002
4,4461,52307003
4,4461,52307004
4,4461,52307005
4,4461,52307006
4,4461,52307007
4,4461,52307008
4,4461,52307009
4,4461,52307010
4,4461,52307011
4,4461,52307012
4,4461,52307013
4,4461,52307014
4,4461,52307015
4,4461,52307016
4,4461,52307017
4,4461,52307018
4,4461,52307019
4,4461,52307020
4,4461,52307021
4,4461,52307022
4,4461,52307023
4,4462,52308001
4,4462,52308002
4,4462,52308003
4,4462,52308004
4,4462,52308005
4,4462,52308006
4,4462,52308007
4,4462,52308008
4,4462,52308009
4,4462,52308010
4,4462,52308011
4,4462,52308012
4,4462,52308013
4,4462,52308014
4,4462,52308015
4,4462,52308016
4,4462,52308017
4,4462,52308018
4,4462,52308019
4,4462,52308020
4,4462,52308021
4,4462,52308022
4,4462,52308023
4,4462,52308024
4,4462,52308025
4,4462,52308026
4,4462,52308027
4,4462,52308028
4,4462,52308029
4,4462,52308030
4,4462,52308031
4,4462,52308032
4,4462,52308033
4,4462,52308034
4,4462,52308035
4,4462,52308036
4,4426,52401001
4,4426,52401002
4,4426,52401003
4,4426,52401004
4,4426,52401005
4,4426,52401006
4,4426,52401007
4,4427,52402001
4,4427,52402002
4,4427,52402003
4,4427,52402004
4,4427,52402005
4,4427,52402006
4,4427,52402007
4,4427,52402008
4,4427,52402009
4,4427,52402010
4,4427,52402011
4,4427,52402012
4,4427,52402013
4,4427,52402014
4,4427,52402015
4,4427,52402016
4,4427,52402017
4,4429,52404001
4,4429,52404002
4,4429,52404003
4,4429,52404004
4,4429,52404005
4,4429,52404006
4,4429,52404007
4,4429,52404008
4,4429,52404009
4,4429,52404010
4,4429,52404011
4,4429,52404012
4,4429,52404013
4,4429,52404014
4,4429,52404015
4,4429,52404016
4,4429,52404017
4,4429,52404018
4,4430,52405001
4,4430,52405002
4,4430,52405003
4,4430,52405004
4,4430,52405005
4,4430,52405006
4,4430,52405007
4,4430,52405008
4,4430,52405009
4,4430,52405010
4,4430,52405011
4,4430,52405012
4,4430,52405013
4,4430,52405014
4,4432,52502001
4,4432,52502002
4,4432,52502003
4,4432,52502004
4,4432,52502005
4,4432,52502006
4,4432,52502007
4,4432,52502008
4,4432,52502009
4,4432,52502010
4,4432,52502011
4,4432,52502012
4,4432,52502013
4,4432,52502014
4,4432,52502015
4,4432,52502016
4,4432,52502017
4,4432,52502018
4,4432,52502019
4,4432,52502020
4,4432,52502021
4,4432,52502022
4,4432,52502023
4,4432,52502024
4,4432,52502025
4,4432,52502026
4,4432,52502027
4,4432,52502028
4,4432,52502029
4,4432,52502030
4,4432,52502031
4,4432,52502032
4,4432,52502033
4,4432,52502034
4,4433,52503001
4,4433,52503002
4,4433,52503003
4,4433,52503004
4,4433,52503005
4,4433,52503006
4,4434,52504001
4,4434,52504002
4,4434,52504003
4,4434,52504004
4,4434,52504005
4,4434,52504006
4,4434,52504007
4,4434,52504008
4,4434,52504009
4,4434,52504010
4,4434,52504011
4,4434,52504012
4,4434,52504013
4,4436,52601001
4,4436,52601002
4,4436,52601003
4,4436,52601004
4,4436,52601005
4,4436,52601006
4,4436,52601007
4,4436,52601008
4,4437,52602001
4,4437,52602002
4,4437,52602003
4,4437,52602004
4,4437,52602005
4,4437,52602006
4,4437,52602007
4,4437,52602008
4,4437,52602009
4,4437,52602010
4,4437,52602011
4,4437,52602012
4,4437,52602013
4,4437,52602014
4,4437,52602015
4,4438,52603001
4,4438,52603002
4,4438,52603003
4,4438,52603004
4,4438,52603005
4,4438,52603006
4,4438,52603007
4,4438,52603008
4,4438,52603009
4,4438,52603010
4,4438,52603011
4,4438,52603012
4,4438,52603013
4,4438,52603014
4,4438,52603015
4,4438,52603016
4,4438,52603017
4,4438,52603018
4,4438,52603019
4,4438,52603020
4,4438,52603021
4,4438,52603022
4,4439,52605001
4,4439,52605002
4,4439,52605003
4,4439,52605004
4,4439,52605005
4,4439,52605006
4,4439,52605007
4,4439,52605008
4,4439,52605009
4,4439,52605010
4,4439,52605011
4,4439,52605012
4,4439,52605013
4,4439,52605014
4,4439,52605015
4,4439,52605016
4,4439,52605017
4,4439,52605018
4,4439,52605019
4,4439,52605020
4,4439,52605021
4,4440,52606001
4,4440,52606002
4,4440,52606003
4,4440,52606004
4,4440,52606005
4,4440,52606006
4,4440,52606007
4,4440,52606008
4,4440,52606009
4,4440,52606010
4,4440,52606011
4,4440,52606012
4,4440,52606013
4,4440,52606014
4,4440,52606015
4,4440,52606016
4,4440,52606017
4,4440,52606018
4,4440,52606019
4,4440,52606020
4,4440,52606021
4,4440,52606022
4,4440,52606023
4,4440,52606024
4,4442,52701001
4,4442,52701002
4,4442,52701003
4,4442,52701004
4,4442,52701005
4,4442,52701006
4,4442,52701007
4,4442,52701008
4,4442,52701009
4,4442,52701010
4,4442,52701011
4,4442,52701012
4,4442,52701013
4,4442,52701014
4,4442,52701015
4,4442,52701016
4,4442,52701017
4,4442,52701018
4,4443,52702001
4,4443,52702002
4,4443,52702003
4,4443,52702004
4,4443,52702005
4,4443,52702006
4,4443,52702007
4,4443,52702008
4,4443,52702009
4,4443,52702010
4,4443,52702011
4,4443,52702012
4,4443,52702013
4,4443,52702014
4,4443,52702015
4,4443,52702016
4,4443,52702017
4,4443,52702018
4,4443,52702019
4,4443,52702020
4,4446,52705001
4,4446,52705002
4,4446,52705003
4,4446,52705004
4,4446,52705005
4,4446,52705006
4,4446,52705007
4,4446,52705008
4,4446,52705009
4,4446,52705010
4,4446,52705011
4,4446,52705012
4,4446,52705013
4,4446,52705014
4,4446,52705015
4,4446,52705016
4,4446,52705017
4,4446,52705018
4,4446,52705019
4,4446,52705020
4,4463,52706001
4,4463,52706002
4,4463,52706003
4,4463,52706004
4,4463,52706005
4,4463,52706006
4,4463,52706007
4,4463,52706008
4,4463,52706009
4,4463,52706010
4,4463,52706011
4,4463,52706012
4,4463,52706013
4,4449,52801001
4,4449,52801002
4,4449,52801003
4,4449,52801004
4,4449,52801005
4,4449,52801006
4,4449,52801007
4,4449,52801008
4,4449,52801009
4,4449,52801010
4,4449,52801011
4,4449,52801012
4,4449,52801013
4,4449,52801014
4,4449,52801015
4,4449,52801016
4,4449,52801017
4,4450,52802001
4,4450,52802002
4,4450,52802003
4,4450,52802004
4,4450,52802005
4,4450,52802006
4,4450,52802007
4,4450,52802008
4,4450,52802009
4,4450,52802010
4,4450,52802011
4,4450,52802012
4,4450,52802013
4,4450,52802014
4,4450,52802015
4,4450,52802016
4,4450,52802017
4,4450,52802018
4,4450,52802019
4,4450,52802020
4,4450,52802021
4,4450,52802022
4,4450,52802023
4,4450,52802024
4,4450,52802025
4,4450,52802026
4,4450,52802027
4,4450,52802028
4,4450,52802029
4,4450,52802030
4,4450,52802031
4,4450,52802032
4,4450,52802033
4,4450,52802034
4,4452,52804001
4,4452,52804002
4,4452,52804003
4,4452,52804004
4,4452,52804005
4,4452,52804006
4,4452,52804007
4,4452,52804008
4,4452,52804009
4,4452,52804010
4,4452,52804011
4,4452,52804012
4,4452,52804013
4,4452,52804014
4,4452,52804015
4,4452,52804016
4,4452,52804017
4,4452,52804018
4,4452,52804019
4,4452,52804020
4,4452,52804021
4,4452,52804022
4,4452,52804023
4,4452,52804024
4,4452,52804025
4,4452,52804026
4,4452,52804027
4,4453,52805001
4,4453,52805002
4,4453,52805003
4,4453,52805004
4,4453,52805005
4,4453,52805006
4,4453,52805007
4,4453,52805008
4,4453,52805009
4,4453,52805010
4,4453,52805011
4,4453,52805012
4,4453,52805013
4,4454,52806001
4,4454,52806002
4,4454,52806003
4,4454,52806004
4,4454,52806005
4,4454,52806006
4,4454,52806007
4,4454,52806008
4,4454,52806009
4,4454,52806010
4,4454,52806011
4,4454,52806012
4,4454,52806013
4,4454,52806014
4,4456,52901001
4,4456,52901002
4,4456,52901003
4,4456,52901004
4,4456,52901005
4,4456,52901006
4,4456,52901007
4,4456,52901008
4,4456,52901009
4,4456,52901010
4,4456,52901011
4,4456,52901012
4,4456,52901013
4,4456,52901014
4,4456,52901015
4,4456,52901016
4,4456,52901017
4,4456,52901018
4,4457,52902001
4,4457,52902002
4,4457,52902003
4,4457,52902004
4,4457,52902005
4,4457,52902006
4,4457,52902007
4,4457,52902008
4,4457,52902009
4,4457,52902010
4,4457,52902011
4,4457,52902012
4,4457,52902013
4,4457,52902014
4,4457,52902015
4,4457,52902016
4,4457,52902017
4,4457,52902018
4,4457,52902019
4,4457,52902020
4,4457,52902021
4,4457,52902022
4,4457,52902023
4,4457,52902024
4,4457,52902025
4,4457,52902026
4,4457,52902027
4,4457,52902028
4,4457,52902029
4,4458,52903001
4,4458,52903002
4,4458,52903003
4,4458,52903004
4,4458,52903005
4,4458,52903006
4,4458,52903007
4,4458,52903008
4,4458,52903009
4,4458,52903010
4,4458,52903011
4,4458,52903012
4,4458,52903013
4,4458,52903014
4,4458,52903015
4,4458,52903016
4,4458,52903017
4,4458,52903018
4,4458,52903019
4,4459,52904001
4,4459,52904002
4,4459,52904003
4,4459,52904004
4,4459,52904005
4,4459,52904006
4,4459,52904007
4,4459,52904008
4,4459,52904009
4,4459,52904010
4,4459,52904011
4,4035,54303001
4,4035,54303002
4,4035,54303003
4,4035,54303004
4,4035,54303005
4,4035,54303006
4,4035,54303007
4,4035,54303008
4,4035,54303009
4,4035,54303010
4,4036,54304001
4,4036,54304002
4,4036,54304003
4,4036,54304004
4,4036,54304005
4,4036,54304006
4,4036,54304007
4,4036,54304008
4,4036,54304009
4,4036,54304010
4,4036,54304011
4,4036,54304012
4,4036,54304013
4,4036,54304014
4,1030,54305001
4,1030,54305002
4,1030,54305003
4,1030,54305004
4,1030,54305005
4,1030,54305006
4,1030,54305007
4,1030,54305008
4,1030,54305009
4,1030,54305010
4,1030,54305011
4,1030,54305012
4,1030,54305013
4,1030,54305014
4,1030,54305015
4,1030,54305016
4,1030,54305017
4,1030,54305018
4,1030,54305019
4,1030,54305020
4,1030,54305021
4,1030,54305022
4,4464,54306001
4,4464,54306002
4,4464,54306003
4,4464,54306004
4,4464,54306005
4,4464,54306006
4,4464,54306007
4,4464,54306008
4,4464,54306009
4,4464,54306010
4,4464,54306011
4,4464,54306012
4,4464,54306013
4,4464,54306014
4,4464,54306015
5,5502,83001001
5,5502,83001002
5,5502,83001003
5,5502,83001004
5,5502,83001005
5,5502,83001006
5,5502,83001007
5,5502,83001008
5,5502,83001009
5,5502,83001010
5,5502,83001011
5,5502,83001012
5,5502,83001013
5,5502,83001014
5,5502,83001015
5,5502,83001016
5,5502,83001017
5,5502,83001018
5,5502,83001019
5,5502,83001020
5,5502,83001021
5,5502,83001022
5,5502,83001023
5,5502,83001024
5,5502,83001025
5,5503,83002001
5,5503,83002002
5,5503,83002003
5,5503,83002004
5,5503,83002005
5,5503,83002006
5,5503,83002007
5,5503,83002008
5,5503,83002009
5,5503,83002010
5,5503,83002011
5,5503,83002012
5,5503,83002013
5,5503,83002014
5,5503,83002015
5,5503,83002016
5,5503,83002017
5,5503,83002018
5,5503,83002019
5,5504,83003001
5,5504,83003002
5,5504,83003003
5,5504,83003004
5,5504,83003005
5,5504,83003006
5,5504,83003007
5,5504,83003008
5,5504,83003009
5,5504,83003010
5,5504,83003011
5,5504,83003012
5,5504,83003013
5,5504,83003014
5,5504,83003015
5,5504,83003016
5,5504,83003017
5,5504,83003018
5,5504,83003019
5,5505,83004001
5,5505,83004002
5,5505,83004003
5,5505,83004004
5,5505,83004005
5,5505,83004006
5,5505,83004007
5,5505,83004008
5,5505,83004009
5,5505,83004010
5,5505,83004011
5,5506,83005001
5,5506,83005002
5,5506,83005003
5,5506,83005004
5,5506,83005005
5,5506,83005006
5,5506,83005007
5,5506,83005008
5,5506,83005009
5,5506,83005010
5,5506,83005011
5,5506,83005012
5,5506,83005013
5,5506,83005014
5,5506,83005015
5,5507,83006001
5,5507,83006002
5,5507,83006003
5,5507,83006004
5,5507,83006005
5,5507,83006006
5,5508,83007001
5,5508,83007002
5,5508,83007003
5,5508,83007004
5,5508,83007005
5,5508,83007006
5,5508,83007007
5,5508,83007008
5,5508,83007009
5,5508,83007010
5,5508,83007011
5,5508,83007012
5,5508,83007013
5,5508,83007014
5,5508,83007015
5,5508,83007016
5,5508,83007017
5,5508,83007018
5,5508,83007019
5,5508,83007020
5,5508,83007021
5,5508,83007022
5,5508,83007023
5,5508,83007024
5,5508,83007025
5,5508,83007026
5,5508,83007027
5,5508,83007028
5,5508,83007029
5,5508,83007030
5,5508,83007031
5,5508,83007032
5,5510,83101001
5,5510,83101002
5,5510,83101003
5,5510,83101004
5,5510,83101005
5,5510,83101006
5,5510,83101007
5,5510,83101008
5,5510,83101009
5,5511,83102001
5,5511,83102002
5,5511,83102003
5,5511,83102004
5,5511,83102005
5,5511,83102006
5,5511,83102007
5,5511,83102008
5,5511,83102009
5,5511,83102010
5,5511,83102011
5,5511,83102012
5,5511,83102013
5,5511,83102014
5,5511,83102015
5,5511,83102016
5,5511,83102017
5,5511,83102018
5,5511,83102019
5,5511,83102020
5,5511,83102021
5,5511,83102022
5,5511,83102023
5,5511,83102024
5,5511,83102025
5,5511,83102026
5,5511,83102027
5,5511,83102028
5,5511,83102029
5,5511,83102030
5,5511,83102031
5,5511,83102032
5,5511,83102033
5,5511,83102034
5,5512,83103001
5,5512,83103002
5,5512,83103003
5,5512,83103004
5,5512,83103005
5,5512,83103006
5,5512,83103007
5,5512,83103008
5,5512,83103009
5,5512,83103010
5,5512,83103011
5,5512,83103012
5,5512,83103013
5,5512,83103014
5,5512,83103015
5,5512,83103016
5,5512,83103017
5,5512,83103018
5,5512,83103019
5,5512,83103020
5,5512,83103021
5,5512,83103022
5,5512,83103023
5,5512,83103024
5,5512,83103025
5,5512,83103026
5,5512,83103027
5,5512,83103028
5,5512,83103029
5,5513,83104001
5,5513,83104002
5,5513,83104003
5,5513,83104004
5,5513,83104005
5,5513,83104006
5,5513,83104007
5,5513,83104008
5,5514,83105001
5,5514,83105002
5,5514,83105003
5,5514,83105004
5,5514,83105005
5,5514,83105006
5,5514,83105007
5,5514,83105008
5,5514,83105009
5,5514,83105010
5,5514,83105011
5,5514,83105012
5,5514,83105013
5,5514,83105014
5,5514,83105015
5,5514,83105016
5,5514,83105017
5,5514,83105018
5,5514,83105019
5,5514,83105020
5,5514,83105021
5,5514,83105022
5,5514,83105023
5,5514,83105024
5,5514,83105025
5,5514,83105026
5,5514,83105027
5,5514,83105028
5,5514,83105029
5,5514,83105030
5,5514,83105031
5,5514,83105032
5,5515,83106001
5,5515,83106002
5,5515,83106003
5,5515,83106004
5,5515,83106005
5,5515,83106006
5,5515,83106007
5,5515,83106008
5,5515,83106009
5,5515,83106010
5,5515,83106011
5,5515,83106012
5,5515,83106013
5,5515,83106014
5,5515,83106015
5,5515,83106016
5,5515,83106017
5,5515,83106018
5,5515,83106019
5,5515,83106020
5,5515,83106021
5,5515,83106022
5,5515,83106023
5,5515,83106024
5,5515,83106025
5,5515,83106026
5,5515,83106027
5,5515,83106028
5,5515,83106029
5,5515,83106030
5,5515,83106031
5,5517,83201001
5,5517,83201002
5,5517,83201003
5,5517,83201004
5,5517,83201005
5,5517,83201006
5,5517,83201007
5,5517,83201008
5,5517,83201009
5,5517,83201010
5,5517,83201011
5,5517,83201012
5,5517,83201013
5,5517,83201014
5,5520,83204001
5,5520,83204002
5,5520,83204003
5,5520,83204004
5,5520,83204005
5,5520,83204006
5,5520,83204007
5,5520,83204008
5,5520,83204009
5,5520,83204010
5,5520,83204011
5,5520,83204012
5,5520,83204013
5,5520,83204014
5,5520,83204015
5,5520,83204016
5,5520,83204017
5,5520,83204018
5,5520,83204019
5,5520,83204020
5,5520,83204021
5,5520,83204022
5,5520,83204023
5,5520,83204024
5,5520,83204025
5,5520,83204026
5,5520,83204027
5,5520,83204028
5,5520,83204029
5,5520,83204030
5,5520,83204031
5,5520,83204032
5,5520,83204033
5,7027,83205001
5,7027,83205002
5,7027,83205003
5,7027,83205004
5,7027,83205005
5,7027,83205006
5,7027,83205007
5,7027,83205008
5,7027,83205009
5,7027,83205010
5,7027,83205011
5,7027,83205012
5,7027,83205013
5,7027,83205014
5,7027,83205015
5,7027,83205016
5,7027,83205017
5,7027,83205018
5,7027,83205019
5,7027,83205020
5,7027,83205021
5,7027,83205022
5,7027,83205023
5,7027,83205024
5,7027,83205025
5,7027,83205026
5,7027,83205027
5,7027,83205028
5,7027,83205029
5,7027,83205030
5,7027,83205031
5,7027,83205032
5,7027,83205033
5,7027,83205034
5,7027,83205035
5,7027,83205036
5,7027,83205037
5,7027,83205038
5,5524,83206001
5,5524,83206002
5,5524,83206003
5,5524,83206004
5,5524,83206005
5,5524,83206006
5,5524,83206007
5,5524,83206008
5,5524,83206009
5,5524,83206010
5,5524,83206011
5,5524,83206012
5,5524,83206013
5,5524,83206014
5,5524,83206015
5,5524,83206016
5,5524,83206017
5,5524,83206018
5,5524,83206019
5,5524,83206020
5,5524,83206021
5,5524,83206022
5,5524,83206023
5,5524,83206024
5,5524,83206025
5,5524,83206026
5,5524,83206027
5,5524,83206028
5,5524,83206029
5,5524,83206030
5,5524,83206031
5,5524,83206032
5,5524,83206033
5,5524,83206034
5,5524,83206035
5,5524,83206036
5,5524,83206037
5,5524,83206038
5,5524,83206039
5,5524,83206040
5,5524,83206041
5,5524,83206042
5,5524,83206043
5,5524,83206044
5,5524,83206045
6,6602,30601001
6,6602,30601002
6,6602,30601003
6,6602,30601004
6,6603,30602001
6,6603,30602002
6,6603,30602003
6,6603,30602004
6,6603,30602005
6,6603,30602006
6,6603,30602007
6,6603,30602008
6,6603,30602009
6,6604,30604001
6,6604,30604002
6,6604,30604003
6,6604,30604004
6,6605,30605001
6,6605,30605002
6,6605,30605003
6,6605,30605004
6,6605,30605005
6,6606,30606001
6,6606,30606002
6,6606,30606003
6,6606,30606004
6,6607,30607001
6,6607,30607002
6,6607,30607003
6,6607,30607004
6,6610,30701001
6,6610,30701002
6,6610,30701003
6,6610,30701004
6,6611,30702001
6,6611,30702002
6,6611,30702003
6,6611,30702004
6,6611,30702005
6,6611,30702006
6,6612,30703001
6,6612,30703002
6,6612,30703003
6,6612,30703004
6,6612,30703005
6,6612,30703006
6,6612,30703007
6,6612,30703008
6,6613,30704001
6,6613,30704002
6,6613,30704003
6,6613,30704004
6,6614,30705001
6,6614,30705002
6,6614,30705003
6,6614,30705004
6,6615,30706001
6,6615,30706002
6,6615,30706003
6,6615,30706004
6,6616,30707001
6,6616,30707002
6,6616,30707003
6,6616,30707004
6,6616,30707005
6,6617,30708001
6,6617,30708002
6,6617,30708003
6,6617,30708004
6,6617,30708005
6,6617,30708006
6,6617,30708007
6,6621,30802001
6,6621,30802002
6,6621,30802003
6,6621,30802004
6,6621,30802005
6,6621,30802006
6,6621,30802007
6,6621,30802008
6,6621,30802009
6,6621,30802010
6,6623,30804001
6,6623,30804002
6,6623,30804003
6,6623,30804004
6,6624,30805001
6,6624,30805002
6,6624,30805003
6,6624,30805004
6,6624,30805005
6,6624,30805006
6,6624,30805007
6,6625,30806001
6,6625,30806002
6,6625,30806003
6,6625,30806004
6,6627,30807001
6,6627,30807002
6,6627,30807003
6,6627,30807004
6,6627,30807005
6,6627,30807006
6,6627,30807007
6,6627,30807008
6,6627,30807009
6,6627,30807010
6,6627,30807011
6,6627,30807012
6,6627,30807013
6,6627,30807014
6,6627,30807015
6,6627,30807016
6,6046,30901001
6,6046,30901002
6,6046,30901003
6,6046,30901004
6,6046,30901005
6,6046,30901006
6,6046,30901007
6,6046,30901008
6,6046,30901009
6,6046,30901010
6,6046,30901011
6,6046,30901012
6,6046,30901013
6,6046,30901014
6,6046,30901015
6,6046,30901016
6,6046,30901017
6,6046,30901018
6,6046,30901019
6,6046,30901020
6,6046,30901021
6,6046,30901022
6,6046,30901023
6,6046,30901024
6,6046,30901025
6,6046,30901026
6,6046,30901027
6,6046,30901028
6,6046,30901029
6,6046,30901030
6,6046,30901031
6,6046,30901032
6,6046,30901033
6,6047,30902001
6,6047,30902002
6,6047,30902003
6,6047,30902004
6,6047,30902005
6,6047,30902006
6,6047,30902007
6,6048,30903001
6,6048,30903002
6,6048,30903003
6,6048,30903004
6,6048,30903005
6,6045,30904001
6,6045,30904002
6,6045,30904003
6,6045,30904004
6,6045,30904005
6,6045,30904006
6,6045,30904007
6,6045,30904008
6,6045,30904009
6,6045,30904010
6,6015,34501001
6,6015,34501002
6,6015,34501003
6,6015,34501004
6,6015,34501005
6,6015,34501006
6,6015,34501007
6,6015,34501008
6,6015,34501009
6,6015,34501010
6,6015,34501011
6,6015,34501012
6,6015,34501013
6,6015,34501014
6,6015,34501015
6,6012,34502001
6,6012,34502002
6,6012,34502003
6,6012,34502004
6,6012,34502005
6,6012,34502006
6,6012,34502007
6,6012,34502008
6,6012,34502009
6,6012,34502010
6,6012,34502011
6,6012,34502012
6,6012,34502013
6,6012,34502014
6,6013,34503001
6,6013,34503002
6,6013,34503003
6,6013,34503004
6,6013,34503005
6,6013,34503006
6,6013,34503007
7,7702,93301001
7,7702,93301002
7,7702,93301003
7,7702,93301004
7,7702,93301005
7,7702,93301006
7,7702,93301007
7,7702,93301008
7,7702,93301009
7,7702,93301010
7,7702,93301011
7,7702,93301012
7,7702,93301013
7,7702,93301014
7,7702,93301015
7,7702,93301016
7,7702,93301017
7,7702,93301018
7,7702,93301019
7,7702,93301020
7,7702,93301021
7,7702,93301022
7,7702,93301023
7,7702,93301024
7,7702,93301025
7,7702,93301026
7,7702,93301027
7,7702,93301028
7,7702,93301029
7,7702,93301030
7,7702,93301031
7,7703,93302001
7,7703,93302002
7,7703,93302003
7,7703,93302004
7,7703,93302005
7,7703,93302006
7,7703,93302007
7,7703,93302008
7,7703,93302009
7,7703,93302010
7,7703,93302011
7,7703,93302012
7,7703,93302013
7,7703,93302014
7,7703,93302015
7,7703,93302016
7,7703,93302017
7,7703,93302018
7,7703,93302019
7,7703,93302020
7,7703,93302021
7,7703,93302022
7,7703,93302023
7,7703,93302024
7,7703,93302025
7,7703,93302026
7,7703,93302027
7,7703,93302028
7,7703,93302029
7,7703,93302030
7,7704,93303001
7,7704,93303002
7,7704,93303003
7,7704,93303004
7,7704,93303005
7,7704,93303006
7,7704,93303007
7,7704,93303008
7,7704,93303009
7,7704,93303010
7,7704,93303011
7,7704,93303012
7,7704,93303013
7,7704,93303014
7,7704,93303015
7,7704,93303016
7,7704,93303017
7,7704,93303018
7,7704,93303019
7,7704,93303020
7,7704,93303021
7,7704,93303022
7,7704,93303023
7,7704,93303024
7,7704,93303025
7,7704,93303026
7,7704,93303027
7,7704,93303028
7,7704,93303029
7,7704,93303030
7,7704,93303031
7,7704,93303032
7,7704,93303033
7,7704,93303034
7,7704,93303035
7,7705,93304001
7,7705,93304002
7,7705,93304003
7,7705,93304004
7,7705,93304005
7,7705,93304006
7,7705,93304007
7,7705,93304008
7,7705,93304009
7,7705,93304010
7,7705,93304011
7,7705,93304012
7,7705,93304013
7,7705,93304014
7,7705,93304015
7,7705,93304016
7,7705,93304017
7,7705,93304018
7,7705,93304019
7,7028,93305001
7,7028,93305002
7,7028,93305003
7,7028,93305004
7,7028,93305005
7,7028,93305006
7,7028,93305007
7,7028,93305008
7,7028,93305009
7,7028,93305010
7,7028,93305011
7,7028,93305012
7,7028,93305013
7,7028,93305014
7,7707,93401001
7,7707,93401002
7,7707,93401003
7,7707,93401004
7,7707,93401005
7,7707,93401006
7,7707,93401007
7,7707,93401008
7,7707,93401009
7,7707,93401010
7,7707,93401011
7,7707,93401012
7,7709,93403001
7,7709,93403002
7,7709,93403003
7,7709,93403004
7,7709,93403005
7,7709,93403006
7,7709,93403007
7,7709,93403008
7,7709,93403009
7,7709,93403010
7,7709,93403011
7,7709,93403012
7,7709,93403013
7,7709,93403014
7,7709,93403015
7,7709,93403016
7,7709,93403017
7,7709,93403018
7,7709,93403019
7,7709,93403020
7,7709,93403021
7,7709,93403022
7,7709,93403023
7,7709,93403024
7,7709,93403025
7,7709,93403026
7,7709,93403027
7,7709,93403028
7,7709,93403029
7,7709,93403030
7,7709,93403031
7,7709,93403032
7,7709,93403033
7,7709,93403034
7,7709,93403035
7,7709,93403036
7,7709,93403037
7,7709,93403038
7,7709,93403039
7,7709,93403040
7,7709,93403041
7,7710,93404001
7,7710,93404002
7,7710,93404003
7,7710,93404004
7,7710,93404005
7,7710,93404006
7,7710,93404007
7,7710,93404008
7,7710,93404009
7,7710,93404010
7,7710,93404011
7,7710,93404012
7,7710,93404013
7,7710,93404014
7,7710,93404015
7,7710,93404016
7,7710,93404017
7,7710,93404018
7,7710,93404019
7,7710,93404020
7,7710,93404021
7,7710,93404022
7,7710,93404023
7,7710,93404024
7,7710,93404025
7,7710,93404026
7,7710,93404027
7,7710,93404028
7,7710,93404029
7,7710,93404030
7,7710,93404031
7,7710,93404032
7,7710,93404033
7,7710,93404034
7,7710,93404035
7,7710,93404036
7,7710,93404037
7,7710,93404038
7,7726,93405001
7,7726,93405002
7,7726,93405003
7,7726,93405004
7,7726,93405005
7,7726,93405006
7,7726,93405007
7,7726,93405008
7,7726,93405009
7,7726,93405010
7,7726,93405011
7,7726,93405012
7,7726,93405013
7,7726,93405014
7,7726,93405015
7,7726,93405016
7,7726,93405017
7,7726,93405018
7,7726,93405019
7,7726,93405020
7,7726,93405021
7,7726,93405022
7,7726,93405023
7,7726,93405024
7,7726,93405025
7,7726,93405026
7,7726,93405027
7,7726,93405028
7,7726,93405029
7,7726,93405030
7,7726,93405031
7,7726,93405032
7,7726,93405033
7,7726,93405034
7,7726,93405035
7,7726,93405036
7,7712,93501001
7,7712,93501002
7,7712,93501003
7,7712,93501004
7,7712,93501005
7,7712,93501006
7,7712,93501007
7,7712,93501008
7,7712,93501009
7,7712,93501010
7,7712,93501011
7,7712,93501012
7,7712,93501013
7,7712,93501014
7,7712,93501015
7,7712,93501016
7,7712,93501017
7,7712,93501018
7,7712,93501019
7,7712,93501020
7,7712,93501021
7,7712,93501022
7,7714,93503001
7,7714,93503002
7,7714,93503003
7,7714,93503004
7,7714,93503005
7,7714,93503006
7,7714,93503007
7,7714,93503008
7,7714,93503009
7,7714,93503010
7,7714,93503011
7,7714,93503012
7,7714,93503013
7,7714,93503014
7,7714,93503015
7,7714,93503016
7,7715,93504001
7,7715,93504002
7,7715,93504003
7,7715,93504004
7,7715,93504005
7,7715,93504006
7,7715,93504007
7,7715,93504008
7,7715,93504009
7,7715,93504010
7,7715,93504011
7,7715,93504012
7,7715,93504013
7,7715,93504014
7,7715,93504015
7,7715,93504016
7,7715,93504017
7,7715,93504018
7,7715,93504019
7,7715,93504020
7,7715,93504021
7,7715,93504022
7,7715,93504023
7,7715,93504024
7,7715,93504025
7,7715,93504026
7,7715,93504027
7,7715,93504028
7,7715,93504029
7,7715,93504030
7,7715,93504031
7,7715,93504032
7,7715,93504033
7,7715,93504034
7,7715,93504035
7,7715,93504036
7,7715,93504037
7,7715,93504038
7,7715,93504039
7,7715,93504040
7,7715,93504041
7,7715,93504042
7,7715,93504043
7,7715,93504044
7,7715,93504045
7,7716,93505001
7,7716,93505002
7,7716,93505003
7,7716,93505004
7,7716,93505005
7,7716,93505006
7,7716,93505007
7,7716,93505008
7,7716,93505009
7,7716,93505010
7,7716,93505011
7,7716,93505012
7,7716,93505013
7,7716,93505014
7,7716,93505015
7,7716,93505016
7,7716,93505017
7,7716,93505018
7,7716,93505019
7,7716,93505020
7,7716,93505021
7,7716,93505022
7,7716,93505023
7,7716,93505024
7,7716,93505025
7,7716,93505026
7,7716,93505027
7,7716,93505028
7,7716,93505029
7,7716,93505030
7,7718,93601001
7,7718,93601002
7,7718,93601003
7,7718,93601004
7,7718,93601005
7,7718,93601006
7,7718,93601007
7,7718,93601008
7,7718,93601009
7,7718,93601010
7,7718,93601011
7,7718,93601012
7,7719,93602001
7,7719,93602002
7,7719,93602003
7,7719,93602004
7,7719,93602005
7,7719,93602006
7,7719,93602007
7,7719,93602008
7,7719,93602009
7,7719,93602010
7,7719,93602011
7,7719,93602012
7,7719,93602013
7,7722,93606001
7,7722,93606002
7,7722,93606003
7,7722,93606004
7,7722,93606005
7,7722,93606006
7,7722,93606007
7,7722,93606008
7,7722,93606009
7,7723,93607001
7,7723,93607002
7,7723,93607003
7,7723,93607004
7,7723,93607005
7,7723,93607006
7,7723,93607007
7,7723,93607008
7,7723,93607009
7,7723,93607010
7,7723,93607011
7,7723,93607012
7,7723,93607013
7,7723,93607014
7,7723,93607015
7,7723,93607016
7,7723,93607017
7,7723,93607018
7,7723,93607019
7,7723,93607020
7,7723,93607021
7,7723,93607022
7,7723,93607023
7,7723,93607024
7,7723,93607025
7,7723,93607026
7,7723,93607027
7,7723,93607028
7,7723,93607029
7,7723,93607030
7,7723,93607031
7,7723,93607032
7,7724,93608001
7,7724,93608002
7,7724,93608003
7,7724,93608004
7,7724,93608005
7,7724,93608006
7,7724,93608007
7,7724,93608008
7,7724,93608009
7,7724,93608010
7,7724,93608011
7,7724,93608012
7,7724,93608013
7,7724,93608014
7,5020,94701001
7,5020,94701002
7,5020,94701003
7,5020,94701004
7,5020,94701005
7,5020,94701006
7,5020,94701007
7,5020,94701008
7,5020,94701009
7,5020,94701010
7,5020,94701011
7,5020,94701012
7,5020,94701013
7,5020,94701014
7,5020,94701015
7,5020,94701016
7,5021,94702001
7,5021,94702002
7,5021,94702003
7,5021,94702004
7,5021,94702005
7,5021,94702006
7,5021,94702007
7,5021,94702008
7,5021,94702009
7,5021,94702010
7,5021,94702011
7,5021,94702012
7,5021,94702013
7,5021,94702014
7,5021,94702015
7,5021,94702016
7,5021,94702017
7,5021,94702018
7,5021,94702019
7,5021,94702020
7,5021,94702021
7,5021,94702022
7,5021,94702023
7,5021,94702024
7,5021,94702025
7,5021,94702026
7,5021,94702027
7,5021,94702028
7,5021,94702029
7,5021,94702030
7,5021,94702031
7,7023,94703001
7,7023,94703002
7,7023,94703003
7,7023,94703004
7,7023,94703005
7,7023,94703006
7,7023,94703007
7,7023,94703008
7,7023,94703009
7,7023,94703010
7,7023,94703011
7,7023,94703012
7,7023,94703013
7,7023,94703014
7,7023,94703015
7,7023,94703016
7,7023,94703017
7,7023,94703018
7,7023,94703019
7,7023,94703020
7,7023,94703021
7,7023,94703022
7,7023,94703023
7,7023,94703024
7,7023,94703025
7,7023,94703026
7,7023,94703027
7,7023,94703028
7,7023,94703029
7,7023,94703030
7,7023,94703031
7,7725,94706001
7,7725,94706002
7,7725,94706003
7,7725,94706004
7,7725,94706005
7,7725,94706006
7,7725,94706007
7,7725,94706008
7,7725,94706009
7,7725,94706010
7,7725,94706011
7,7725,94706012
7,7725,94706013
7,7725,94706014
7,7725,94706015
7,7725,94706016
7,7725,94706017
7,7725,94706018
7,7725,94706019
7,7725,94706020
7,7725,94706021
7,7725,94706022
7,7725,94706023
7,7725,94706024
7,7725,94706025
7,7725,94706026
7,7725,94706027
7,7725,94706028
7,7725,94706029
7,7725,94706030
7,7725,94706031
7,7725,94706032
7,7725,94706033
7,7725,94706034
7,7725,94706035
7,7725,94706036
7,7725,94706037
7,7725,94706038
7,7725,94706039
8,8802,63701001
8,8802,63701002
8,8802,63701003
8,8802,63701004
8,8802,63701005
8,8802,63701006
8,8802,63701007
8,8802,63701008
8,8802,63701009
8,8802,63701010
8,8802,63701011
8,8802,63701012
8,8802,63701013
8,8802,63701014
8,8802,63701015
8,8802,63701016
8,8802,63701017
8,8802,63701018
8,8802,63701019
8,8802,63701020
8,8802,63701021
8,8802,63701022
8,8802,63701023
8,8802,63701024
8,8802,63701025
8,8802,63701026
8,8803,63702001
8,8803,63702002
8,8803,63702003
8,8803,63702004
8,8803,63702005
8,8803,63702006
8,8803,63702007
8,8803,63702008
8,8803,63702009
8,8803,63702010
8,8803,63702011
8,8803,63702012
8,8803,63702013
8,8803,63702014
8,8803,63702015
8,8803,63702016
8,8803,63702017
8,8803,63702018
8,8803,63702019
8,8803,63702020
8,8803,63702021
8,8803,63702022
8,8803,63702023
8,8803,63702024
8,8803,63702025
8,8803,63702026
8,8803,63702027
8,8803,63702028
8,8803,63702029
8,8803,63702030
8,8803,63702031
8,8803,63702032
8,8803,63702033
8,8803,63702034
8,8803,63702035
8,8803,63702036
8,8803,63702037
8,8803,63702038
8,8803,63702039
8,8803,63702040
8,8803,63702041
8,8804,63703001
8,8804,63703002
8,8804,63703003
8,8804,63703004
8,8804,63703005
8,8804,63703006
8,8804,63703007
8,8804,63703008
8,8804,63703009
8,8804,63703010
8,8804,63703011
8,8804,63703012
8,8804,63703013
8,8804,63703014
8,8804,63703015
8,8804,63703016
8,8804,63703017
8,8804,63703018
8,8804,63703019
8,8804,63703020
8,8804,63703021
8,8804,63703022
8,8804,63703023
8,8804,63703024
8,8804,63703025
8,8804,63703026
8,8804,63703027
8,8804,63703028
8,8804,63703029
8,8804,63703030
8,8804,63703031
8,8804,63703032
8,8804,63703033
8,8804,63703034
8,8804,63703035
8,8804,63703036
8,8804,63703037
8,8804,63703038
8,8804,63703039
8,8804,63703040
8,8804,63703041
8,8804,63703042
8,8804,63703043
8,8804,63703044
8,8804,63703045
8,8805,63704001
8,8805,63704002
8,8805,63704003
8,8805,63704004
8,8805,63704005
8,8805,63704006
8,8805,63704007
8,8805,63704008
8,8806,63705001
8,8806,63705002
8,8806,63705003
8,8806,63705004
8,8806,63705005
8,8806,63705006
8,8806,63705007
8,8806,63705008
8,8806,63705009
8,8806,63705010
8,8806,63705011
8,8806,63705012
8,8806,63705013
8,8806,63705014
8,8806,63705015
8,8806,63705016
8,8806,63705017
8,8806,63705018
8,8806,63705019
8,8806,63705020
8,8806,63705021
8,8806,63705022
8,8806,63705023
8,8806,63705024
8,8806,63705025
8,8806,63705026
8,8806,63705027
8,8806,63705028
8,8806,63705029
8,8806,63705030
8,8806,63705031
8,8806,63705032
8,8806,63705033
8,8806,63705034
8,8808,63801001
8,8808,63801002
8,8808,63801003
8,8808,63801004
8,8808,63801005
8,8808,63801006
8,8808,63801007
8,8808,63801008
8,8808,63801009
8,8808,63801010
8,8808,63801011
8,8808,63801012
8,8808,63801013
8,8808,63801014
8,8809,63802001
8,8809,63802002
8,8809,63802003
8,8809,63802004
8,8809,63802005
8,8809,63802006
8,8809,63802007
8,8809,63802008
8,8809,63802009
8,8809,63802010
8,8809,63802011
8,8809,63802012
8,8809,63802013
8,8809,63802014
8,8809,63802015
8,8810,63803001
8,8810,63803002
8,8810,63803003
8,8810,63803004
8,8810,63803005
8,8810,63803006
8,8810,63803007
8,8810,63803008
8,8810,63803009
8,8810,63803010
8,8810,63803011
8,8810,63803012
8,8810,63803013
8,8810,63803014
8,8810,63803015
8,8810,63803016
8,8810,63803017
8,8810,63803018
8,8810,63803019
8,8810,63803020
8,8810,63803021
8,8810,63803022
8,8810,63803023
8,8810,63803024
8,8810,63803025
8,8810,63803026
8,8810,63803027
8,8810,63803028
8,8810,63803029
8,8810,63803030
8,8810,63803031
8,8810,63803032
8,8810,63803033
8,8810,63803034
8,8810,63803035
8,8811,63804001
8,8811,63804002
8,8811,63804003
8,8811,63804004
8,8811,63804005
8,8811,63804006
8,8811,63804007
8,8811,63804008
8,8811,63804009
8,8811,63804010
8,8811,63804011
8,8811,63804012
8,8811,63804013
8,8811,63804014
8,8811,63804015
8,8811,63804016
8,8811,63804017
8,8811,63804018
8,8811,63804019
8,8811,63804020
8,8812,63805001
8,8812,63805002
8,8812,63805003
8,8812,63805004
8,8812,63805005
8,8812,63805006
8,8812,63805007
8,8812,63805008
8,8812,63805009
8,8812,63805010
8,8812,63805011
8,8812,63805012
8,8812,63805013
8,8812,63805014
8,8812,63805015
8,8812,63805016
8,8812,63805017
8,8812,63805018
8,8812,63805019
8,8815,63902001
8,8815,63902002
8,8815,63902003
8,8815,63902004
8,8815,63902005
8,8815,63902006
8,8815,63902007
8,8815,63902008
8,8815,63902009
8,8815,63902010
8,8816,63903001
8,8816,63903002
8,8816,63903003
8,8816,63903004
8,8816,63903005
8,8816,63903006
8,8816,63903007
8,8816,63903008
8,8816,63903009
8,8817,63904001
8,8817,63904002
8,8817,63904003
8,8817,63904004
8,8817,63904005
8,8817,63904006
8,8817,63904007
8,8817,63904008
8,8817,63904009
8,8817,63904010
8,8817,63904011
8,8817,63904012
8,8817,63904013
8,8817,63904014
8,8817,63904015
8,8817,63904016
8,8817,63904017
8,8817,63904018
8,8817,63904019
8,8817,63904020
8,8817,63904021
8,8817,63904022
8,8817,63904023
8,8817,63904024
8,8819,63906001
8,8819,63906002
8,8819,63906003
8,8819,63906004
8,8819,63906005
8,8819,63906006
8,8819,63906007
8,8819,63906008
8,8825,63907001
8,8825,63907002
8,8825,63907003
8,8825,63907004
8,8825,63907005
8,8825,63907006
8,8825,63907007
8,8825,63907008
8,8825,63907009
8,8825,63907010
8,8825,63907011
8,8825,63907012
8,8825,63907013
8,8825,63907014
8,8825,63907015
8,8823,64003001
8,8823,64003002
8,8823,64003003
8,8823,64003004
8,8823,64003005
8,8823,64003006
8,8823,64003007
8,8823,64003008
8,8823,64003009
8,8823,64003010
8,8823,64003011
8,8823,64003012
8,8823,64003013
8,8823,64003014
8,8823,64003015
8,8823,64003016
8,8823,64003017
8,8823,64003018
8,8823,64003019
8,8823,64003020
8,8823,64003021
8,8823,64003022
8,8823,64003023
8,8823,64003024
8,8823,64003025
8,8823,64003026
8,8823,64003027
8,8823,64003028
8,8823,64003029
8,8823,64003030
8,8823,64003031
8,8823,64003032
8,8823,64003033
8,8823,64003034
8,8823,64003035
8,8823,64003036
8,8823,64003037
8,8823,64003038
8,8823,64003039
8,8824,64004001
8,8824,64004002
8,8824,64004003
8,8824,64004004
8,8824,64004005
8,8824,64004006
8,8824,64004007
8,8824,64004008
8,8824,64004009
8,8824,64004010
8,8824,64004011
8,8826,64005001
8,8826,64005002
8,8826,64005003
8,8826,64005004
8,8826,64005005
8,8826,64005006
8,8826,64005007
8,8826,64005008
8,8826,64005009
8,8826,64005010
8,8826,64005011
8,8826,64005012
8,8826,64005013
8,8826,64005014
8,8826,64005015
8,8826,64005016
8,8826,64005017
8,8826,64005018
8,8826,64005019
8,8826,64005020
8,8826,64005021
8,8826,64005022
8,8826,64005023
8,8826,64005024
8,8826,64005025
8,8826,64005026
8,8826,64005027
8,8826,64005028
8,8826,64005029
8,8826,64005030
8,8826,64005031
8,8826,64005032
8,8826,64005033
8,8826,64005034
9,9006,19100001
9,9006,19100002
9,9006,19100003
9,9006,19100004
9,9006,19100005
9,9006,19100006
9,9006,19100007
9,9006,19100008
9,9006,19100009
9,9006,19100010
9,9006,19100011
9,9006,19100012
9,9006,19100013
9,9006,19100014
9,9006,19100015
9,9006,19100016
9,9006,19100017
9,9006,19100018
9,9006,19100019
9,9006,19100020
9,9006,19100021
9,9006,19100022
9,9006,19100023
9,9006,19100024
9,9006,19100025
9,9006,19100026
9,9006,19100027
9,9006,19100028
9,9006,19100029
9,9006,19100030
9,9006,19100031
9,9006,19100032
9,9006,19100033
9,9006,19100034
9,9006,19100035
9,9006,19100036
9,9006,19100037
9,9006,19100038
9,9006,19100039
9,9006,19100040
9,9006,19100041
9,9006,19100042
9,9006,19100043
9,9006,19100044
9,9006,19100045
9,9006,19100046
9,9006,19100047
9,9006,19100048
9,9006,19100049
9,9006,19100050
9,9006,19100051
9,9006,19100052
9,9006,19100053
9,9006,19100054
9,9006,19100055
9,9006,19100056
9,9006,19100057
9,9006,19100058
9,9006,19100059
9,9006,19100060
9,9006,19100061
9,9006,19100062
9,9006,19100063
9,9006,19100064
9,9006,19100065
9,9006,19100066
9,9006,19100067
9,9006,19100068
9,9006,19100069
9,9006,19100070
9,9006,19100071
9,9006,19100072
9,9006,19100073
9,9006,19100074
9,9006,19100075
9,9006,19100076
9,9006,19100077
9,9006,19100078
9,9006,19100079
9,9006,19100080
9,9006,19100081
9,9006,19100082
9,9006,19100083
9,9006,19100084
9,9006,19100085
9,9006,19100086
9,9006,19100087
9,9006,19100088
9,9006,19100089
9,9006,19100090
9,9006,19100091
9,9006,19100092
9,9006,19100093
9,9006,19100094
9,9006,19100095
9,9006,19100096
9,9006,19100097
9,9006,19100098
9,9006,19100099
9,9006,19100100
9,9006,19100101
9,9006,19100102
9,9006,19100103
9,9006,19100104
9,9006,19100105
9,9006,19100106
9,9006,19100107
9,9006,19100108
9,9006,19100109
9,9006,19100110
9,9006,19100111
9,9006,19100112
9,9006,19100113
9,9006,19100114
9,9006,19100115
9,9006,19100116
9,9902,10101001
9,9902,10101002
9,9902,10101003
9,9902,10101004
9,9902,10101005
9,9902,10101006
9,9902,10101007
9,9902,10101008
9,9903,10102001
9,9903,10102002
9,9903,10102003
9,9903,10102004
9,9903,10102005
9,9903,10102006
9,9904,10103001
9,9904,10103002
9,9904,10103003
9,9904,10103004
9,9904,10103005
9,9904,10103006
9,9904,10103007
9,9905,10104001
9,9905,10104002
9,9905,10104003
9,9905,10104004
9,9905,10104005
9,9905,10104006
9,9905,10104007
9,9905,10104008
9,9905,10104009
9,9905,10104010
9,9905,10104011
9,9905,10104012
9,9905,10104013
9,9905,10104014
9,9906,10105001
9,9906,10105002
9,9906,10105003
9,9906,10105004
9,9906,10105005
9,9906,10105006
9,9906,10105007
9,9906,10105008
9,9906,10105009
9,9906,10105010
9,9906,10105011
9,9906,10105012
9,9909,10202001
9,9909,10202002
9,9909,10202003
9,9909,10202004
9,9909,10202005
9,9909,10202006
9,9909,10202007
9,9909,10202008
9,9909,10202009
9,9909,10202010
9,9909,10202011
9,9909,10202012
9,9910,10203001
9,9910,10203002
9,9910,10203003
9,9910,10203004
9,9910,10203005
9,9910,10203006
9,9910,10203007
9,9910,10203008
9,9910,10203009
9,9910,10203010
9,9910,10203011
9,9910,10203012
9,9910,10203013
9,9910,10203014
9,9910,10203015
9,9910,10203016
9,9910,10203017
9,9910,10203018
9,9910,10203019
9,9910,10203020
9,9910,10203021
9,9910,10203022
9,9910,10203023
9,9910,10203024
9,9910,10203025
9,9910,10203026
9,9910,10203027
9,9910,10203028
9,9910,10203029
9,9910,10203030
9,9910,10203031
9,9910,10203032
9,9910,10203033
9,9911,10204001
9,9911,10204002
9,9911,10204003
9,9911,10204004
9,9911,10204005
9,9911,10204006
9,9911,10204007
9,9911,10204008
9,9911,10204009
9,9911,10204010
9,9911,10204011
9,9911,10204012
9,9911,10204013
9,9911,10204014
9,9911,10204015
9,9911,10204016
9,9911,10204017
9,9911,10204018
9,9911,10204019
9,9911,10204020
9,9911,10204021
9,9911,10204022
9,9912,10205001
9,9912,10205002
9,9912,10205003
9,9912,10205004
9,9912,10205005
9,9912,10205006
9,9912,10205007
9,9912,10205008
9,9912,10205009
9,9912,10205010
9,9912,10205011
9,9912,10205012
9,9912,10205013
9,9912,10205014
9,9912,10205015
9,9912,10205016
9,9912,10205017
9,9912,10205018
9,9912,10205019
9,9912,10205020
9,9912,10205021
9,9913,10206001
9,9913,10206002
9,9913,10206003
9,9913,10206004
9,9913,10206005
9,9913,10206006
9,9913,10206007
9,9913,10206008
9,9913,10206009
9,9913,10206010
9,9913,10206011
9,9913,10206012
9,9916,10301001
9,9916,10301002
9,9916,10301003
9,9916,10301004
9,9916,10301005
9,9916,10301006
9,9916,10301007
9,9916,10301008
9,9916,10301009
9,9916,10301010
9,9916,10301011
9,9916,10301012
9,9916,10301013
9,9916,10301014
9,9917,10302001
9,9917,10302002
9,9917,10302003
9,9917,10302004
9,9917,10302005
9,9917,10302006
9,9917,10302007
9,9917,10302008
9,9917,10302009
9,9917,10302010
9,9917,10302011
9,9917,10302012
9,9917,10302013
9,9918,10303001
9,9918,10303002
9,9918,10303003
9,9918,10303004
9,9918,10303005
9,9918,10303006
9,9919,10304001
9,9919,10304002
9,9919,10304003
9,9919,10304004
9,9919,10304005
9,9919,10304006
9,9922,10401001
9,9922,10401002
9,9922,10401003
9,9922,10401004
9,9923,10402001
9,9923,10402002
9,9923,10402003
9,9923,10402004
9,9923,10402005
9,9923,10402006
9,9923,10402007
9,9923,10402008
9,9923,10402009
9,9924,10403001
9,9924,10403002
9,9924,10403003
9,9924,10403004
9,9924,10403005
9,9924,10403006
9,9924,10403007
9,9924,10403008
9,9924,10403009
9,9924,10403010
9,9924,10403011
9,9924,10403012
9,9924,10403013
9,9924,10403014
9,9925,10404001
9,9925,10404002
9,9925,10404003
9,9925,10404004
9,9925,10404005
9,9925,10404006
9,9925,10404007
9,9925,10404008
9,9925,10404009
9,9925,10404010
9,9925,10404011
9,9925,10404012
9,9925,10404013
9,9925,10404014
9,9925,10404015
9,9925,10404016
9,9925,10404017
9,9925,10404018
9,9925,10404019
9,9925,10404020
9,9925,10404021
9,9925,10404022
9,9925,10404023
9,9925,10404024
9,9925,10404025
9,9925,10404026
9,9925,10404027
9,9926,10405001
9,9926,10405002
9,9926,10405003
9,9926,10405004
9,9926,10405005
9,9926,10405006
9,9926,10405007
9,9926,10405008
9,9926,10405009
9,9926,10405010
9,9926,10405011
9,9926,10405012
9,9926,10405013
9,9927,10407001
9,9927,10407002
9,9927,10407003
9,9927,10407004
9,9927,10407005
9,9927,10407006
9,9927,10407007
9,9928,10408001
9,9928,10408002
9,9928,10408003
9,9928,10408004
9,9928,10408005
9,9928,10408006
9,9928,10408007
9,9928,10408008
9,9928,10408009
9,9928,10408010
9,9928,10408011
9,9931,10501001
9,9931,10501002
9,9931,10501003
9,9931,10501004
9,9932,10502001
9,9932,10502002
9,9932,10502003
9,9932,10502004
9,9933,10503001
9,9933,10503002
9,9933,10503003
9,9933,10503004
9,9933,10503005
9,9933,10503006
9,9933,10503007
